Year,Site,ID_LAG,algues,Althenia.filiformis,Chara.canescens,Lamprothamnium.papulosum,Riella.helicophylla,Riella.notarisii,Ruppia.cirrhosa,Ruppia.maritima,Tolypella.hispanica,Tolypella.salina,organic_matter,ilr_fines_vs_sand,ilr_clay_vs_silt,water_level,Surface,dist_trait_cote_m,salinity,mise_en_eau_num,duree_assec
2020,A,A_01,0.2,0,0,0.3,0,0,0,0.3,0,0,2.43,0.237027294344524,0.439871674720683,36,6346.9649448581,738.011866045813,24,45,125
2020,A,A_02,0.6,1,0,0.55,0,0,0,0.3,0,0,1.2,0.230282186462266,0.449096755527109,28,2446.59578021755,823.865930612295,25.4,55,145
2020,A,A_03,1,0.05,0,0.5,0,0,0,1,0,0,2.68,0.484426566786437,-0.253863583505209,25,2134.01224207878,895.188710279008,23,65,175
2020,A,A_04,0,0.8,0,0.4,0,0,0,0.15,0,0,1.97,0.13891541769632,0.159757749405816,31,4031.6167460978,984.642827987079,27.6,110,170
2020,A,A_05,1,0.15,0,0.65,0,0,0,1,0,0,1.9,0.479912696971793,-0.179422388422193,30,2132.31296159327,987.089494717925,22.6,65,175
2020,A,A_06,0.4,0.25,0,0.85,0,0,0,0.85,0,0,2.11,-0.0704755546298362,0.62577889813719,40,2051.21963475645,1129.86393569057,21.7,55,165
2020,A,A_07,0.5,0.7,0,0.35,0,0,0,0.75,0,0,2.01,0.28773564661361,0.342603747577275,26,3718.53268659115,1113.44163177343,28,55,135
2020,A,A_08,0,0.95,0,0.3,0,0,0,0.15,0,0,1.52,0.284877613439919,0.0984141730039289,30,3642.64946386218,1019.87532814897,27.8,56,135
2020,A,A_09,0,0,0,1,0,0,0,0.3,0,0,1.34,0.300437787665039,1.64164056635319,34,2130.22460523248,1030.88287818441,21.1,90,200
2020,A,A_10,0,0.75,0,1,0,0,0,0,0,0,1.24,0.185787444764451,0.68091232921371,29,3326.57544100285,970.74130503118,27.4,55,145
2020,B,B_01,0,1,0,0,1,0,0,1,0,0.05,1.82,0.1341137831626,-1.215375927588,22,2503.81806515864,981.911703450472,27,80,180
2020,B,B_02,0,0.6,0,0,0,0,0,0,0,0,3.27,0.19020461024872,-1.60359501215888,37,17475.5774120055,1045.36867840043,35.5,80,110
2020,B,B_03,0,0,0,0,0,0,0,0,0,0,3.78,0.164283516683828,-0.261492293218533,35,45302.893725672,1058.18989648247,129.3,80,140
2020,B,B_04,0,0,0,0,0,0,0,0,0,0,2.57,0.0737484934220455,0.252976716706204,25,44089.9720588354,1100.515174126,96.5,80,140
2020,B,B_06,0,0.85,0,0,1,0,0,0.05,0.1,0,1.02,-0.0966494668298251,0.814668866974472,7,4125.86487457901,1034.4237291606,34.6,80,180
2020,B,B_07,0,1,0,0,0.45,0,0,0,0,0.3,2.18,0.461025919573547,-1.23184019394803,17,3332.73491946596,1005.60186222492,37.4,80,180
2020,B,B_08,0,1,0,0.55,0.7,0,0,0.3,0,0,2,0.0238564673182997,-0.728590768586706,27,415.560473327525,805.604873774999,22.7,80,180
2020,B,B_09,0,1,0,0.1,0.95,0,0,1,0,0.3,2.27,-0.0276191919493709,-2.36066254314438,34,20456.4300929084,906.756675166649,8.2,80,180
2020,B,B_10,0,1,0,0.8,1,0,0,0.35,0,1,1.48,0.416733655056563,0.93877118502405,24,5187.16176926252,804.745694471737,11.6,80,180
2020,C,C_01,0,0,0,0,0,0,0,0,0,0,6.22,0.553024442266034,-1.94700593326295,24,291.641602972057,318.556931284022,13.6,79,170
2020,C,C_02,0,0,0,0,0,0,0,0,0,0,1.75,0.338787599292256,-0.654476052631436,45,2803.59700527787,365.807324954277,14.8,80,171
2020,C,C_03,0,0,0,0,0,0,0,0,0,0,7.28,0.767957611769937,-0.177431720824016,50,737.355871843814,222.333415624495,23,81,171
2020,C,C_04,0,0,0,0,0,0,0,0,0,0,1.19,0.336748417401142,1.43867566757792,32,1335.98092282936,225.301324341636,12.6,82,171
2020,C,C_05,0,0,0,0,0,0,0,0,0,0,4.14,0.180236038184412,-0.158512604418978,34,388.097406479064,214.386285818599,20,83,171
2020,C,C_06,0,0,0,0,0,0,0,0,0,0,3.79,0.370332347628646,-0.689506721103115,46,659.988003605045,265.164587970217,26.8,84,171
2020,C,C_07,0,0,0,0,0,0,0,0,0,0,1.13,0.418505282551309,1.26981234324842,12,513.5479962479,236.401675553075,5.2,85,171
2020,C,C_08,0,0,0,0,0,0,0,0,0,0,4.08,0.470275058520438,-1.2206903445314,32,1066.19911521208,254.664449549564,25.5,86,171
2020,C,C_09,0,0,0,0,0,0,0,0,0,0,9.54,0.245236214850526,-0.376478623210078,30,500.080390746705,54.6920940360931,14.4,NA,NA
2020,C,C_10,0,0,0,0,0,0,0,0,0,0,2.19,0.292725093854572,0.292889028142006,12,588.823873522168,120.307375327404,4.4,NA,NA
2020,D,D_01,0,0,0,0,0,0,0,0,0,0,1.7,-0.128920809165494,1.5513188790024,46,583.907101008343,259.479751228507,30.2,79,189
2020,D,D_02,0,0,0,0,0,0,0,0,0,0,3.09,-0.148953502515348,1.17096493760598,56,229.481482319534,228.089298172384,29.6,79,189
2020,D,D_03,0,0,0,0,0,0,0,0,0,0,2.05,-0.110272080319594,-0.920548033848884,57,2274.47003522702,891.768708463204,13.1,79,189
2020,D,D_06,0,0,0,0,0,0,0,0,0,0,2.83,0.0772754663838542,-0.921809337587591,66,4407.56417229597,1114.37126513229,15.5,90,145
2020,D,D_07,0,0,0,0,0,0,0,0,0,0,2.27,0.0769352400115754,-1.42700807912214,49,1598.82231193595,1140.38337956031,16.2,90,145
2020,D,D_08,0,0,0,0,0,0,0,0,0,0,2.16,0.0861891165889414,-1.42670028933403,56,8613.38631909061,1154.97995424856,13.5,90,145
2020,D,D_09,0,0,0,0,0,0,0,0,0,0,2.83,0.0346468788698052,-1.66605667074008,64,4560.79347929731,1285.02462373435,23,80,120
2020,D,D_10,0,0,0,0,0,0,0,0,0,0,4.03,0.0761063725140337,-1.5448889488382,74,3123.67575816996,1207.13336316964,20.9,80,110
2020,E,E_01,0,1,0,0.45,0,0,0,0.85,0,0,2.69,0.0755953648811803,-1.92731869333213,18,2503.81806515864,466.743103368282,76.2,80,190
2020,E,E_02,0,1,0,0.95,0,0,0,0.5,0,0,2.76,0.122373477376892,-1.83511904957733,22,17475.5774120055,507.216590947891,37.1,210,310
2020,E,E_03,0,1,0,0.6,0,0,0,0,0,0,3.04,0.167584721488558,-2.41961386900124,28,45302.893725672,592.585081429707,26.5,210,310
2020,E,E_04,0,0.9,0,0.5,0,0,0,0,0,0,2.36,-0.00984387286970112,-0.929850947969209,24,44089.9720588354,825.000266614744,32,90,190
2020,E,E_05,0,1,0,1,0,0,0,0.05,0,0,0.91,0.300992598820365,1.49005313693854,31,7169.47556397179,712.648534341378,28,55,165
2020,E,E_06,0,1,0,1,0,0,0,0,0,0,2.25,0.322759358971988,-0.75481367598419,28,4125.86487457901,718.170274157017,42.5,80,190
2020,E,E_07,0,0.75,0,0.85,0,0,0,0.45,0,0,1.06,0.350245147132418,1.69236382560839,34,3332.73491946596,708.623806972465,42.8,45,155
2020,E,E_08,0,1,0,0.9,0,0,0,0.2,0,0,1.38,0.196642345042977,1.25014216205312,48,415.560473327525,684.551920473527,41.2,60,170
2020,E,E_09,0.45,0,0,0,0,0,0,0,0,0,2.04,0.428602737024527,-1.05530623453007,3,20456.4300929084,798.527975261902,18.7,NA,NA
2020,E,E_10,0,0.1,0,0.9,0,0,1,0,0,0,2.32,0.0359014555681571,0.265662278585785,44,5187.16176926252,86.1875316602697,54,NA,NA
2020,E,E_11,0,1,0,0.4,0,0,0,0.55,0,0,2.22,0.135314977355031,-1.58073316161689,23,83080.5461943204,930.273541218552,25.7,210,310
2020,F,F_01,0,0.55,0,0.1,0,0,0,1,0,0.9,2.44,0.296618220361143,-0.421355921065754,20,11390.3953443524,965.054077501327,22.5,140,240
2020,F,F_02,0,0.85,0,0.7,0,0,0,1,0,0.75,3.41,0.484085387240033,-0.08282704677012,13,700.159373851726,912.709617659529,25.7,140,250
2020,F,F_03,0,0.2,0,0.25,0,0,0,1,0,0.75,2.13,1.15204703382731,0.229400523872849,19,1709.21185607649,807.60173204512,21.9,140,240
2020,F,F_04,0,0.7,0,1,0,0,0,1,0,0.9,2.5,-0.329848547022138,-1.41736301324527,15,1802.5696054101,762.812870237053,31.6,140,240
2020,F,F_05,0,1,0,1,0,0,0,0,0,0,1.53,0.752864182129473,0.91002910189858,19,49949.6347727194,763.58101206918,25.4,140,240
2020,F,F_06,0,0,0,0,0,0,0,0,0,0,2.93,0.21547208032377901,-0.339132858374652,28,4179.36604220793,916.377350716115,17,140,200
2020,F,F_07,0,0,0,0,0,0,0,0,0,0,2.94,0.535849032675363,-0.620424057586759,20,1028.51671593916,1003.99868787335,17.7,140,240
2020,F,F_08,0,0.95,0,0,0,0,0,1,0,0.55,2.22,0.385864245638489,-0.00451723065782175,13,5421.12003678642,1110.87521774041,22.9,140,240
2020,F,F_09,0,0,0,0,0,0,0,0.2,0,0,2.18,0.458696928984743,0.0299373668747143,19,13325.7321213353,1104.95407141261,20.4,140,240
2020,F,F_10,0,0,0,0,0,0,0,0,0,0.05,1.74,0.414583079739216,-0.76560413574568,13,17074.2508862689,1058.43176126968,19.7,140,240
2020,G,G_01,0.15,1,0,0.25,0,0,0,0.1,0,0,0.86,0.124720756538494,0.792595110994105,49,28519.7390139103,1300.66171467982,43.5,140,190
2020,G,G_02,0.2,0.6,0,0.3,0,0,0,0.65,0,0,5.17,0.300910610672417,-0.989702665611459,58,1997.03738285601,1176.18869676805,27.3,140,220
2020,G,G_03,0,0.5,0,0.05,0,0,0,0.2,0,0,1.15,0.427033131982281,1.11525446241408,35,10263.616815269,829.206992638686,34.6,80,180
2020,G,G_04,0,0,0,0,0,0,0,0,0,0,3.71,0.0493728693026196,-0.734009689750793,49,335265.655994676,133.360051512523,8,140,130
2020,G,G_05,0.1,0,0,0,0,0,0.05,0,0,0,1.83,-0.0827329717281021,-1.29225735284258,9,32822.9787113275,151.483639874205,12.9,45,155
2020,G,G_08,0.05,1,0,0.3,0,0,0,0.35,0,0,1.44,0.234919219118699,0.363668600373167,46,12388.7722251117,1331.66222527795,44.8,140,200
2020,G,G_09,0,0.2,0,0,0,0,0,0.05,0,0,1.74,0.258715544206876,-0.163471680422899,44,27782.3253353238,1203.08532441126,28.8,80,180
2020,G,G_10,0,1,0.2,0,0,0,0,1,0,0,1.82,0.0273545264594425,-1.05300307499739,30,5802.26303892024,1094.12737191755,3.9,NA,NA
2020,H,H_01,0,0.1,0,0,0,0,1,0,0,0,2.8,0.001468550436862,-2.09512024861015,11,4471.4821525023,337.32210627774,45.5,90,230
2020,H,H_02,0,0.6,0,0,0,0,0,1,0,0,2.18,0.0777500725220229,-2.14095393480906,7,3675.18372544553,272.207345170658,60.1,210,310
2020,H,H_03,0.05,0.6,0,0,0,0,0,1,0,0,2.26,-0.0810661377899692,-2.53087649338126,4,1931.05200145813,160.421843880811,53,182,342
2020,H,H_04,0,1,0,0,0,0,1,0,0,0,3.66,-0.118250394084572,-1.785162222071,15,12000.5415466251,132.964013286459,57,210,290
2020,H,H_05,0,1,0,0,0,0,1,0,0,0,4.41,-0.126075305200044,-1.32990216312969,15,59677.0711392244,217.09810238201,44.1,140,200
2020,H,H_06,0,0.1,0,0,0,0,0.7,0,0,0,9.4,0.66169063311465,-0.871376875293775,15,14307.099093087,72.0579104706808,40.7,210,310
2020,H,H_07,0,0.7,0,0,0,0,0.45,0,0,0,9.18,0.751984969356968,-0.840286249533086,15,43371.0971759665,103.670396903638,52.1,140,220
2020,H,H_08,0,1,0,0,0,0,0.95,0,0,0,7.1,-0.015405985888261,-1.40622889558432,18,33748.1620117264,210.194143779786,52.6,140,220
2020,H,H_09,0,1,0,0,0,0,0.85,0,0,0,2.43,0.0612722995781523,-2.27150428965153,8,23691.9564695316,71.6749852641944,55.3,210,310
2020,H,H_10,0.65,0.25,0,0,0,0,1,0,0,0,4.7,-0.076139853741398,-1.33195963124725,9,964.296835475136,180.679489527638,53.4,NA,NA
2020,I,I_01,0,0,0,0,0,0,0,0,0,0,1.1,0.19519967973821,0.901365673926039,0,69874.2201913707,39.8953880562636,NA,127,237
2020,I,I_02,0.9,0,0,0,0,0,0,0,0,0,1.58,0.240067801178956,1.58279782707637,9,3346.6673288364,58.1470983611083,48.8,130,240
2020,I,I_03,1,0,0,0,0,0,0,0,0,0,1.67,0.445813907016428,1.26681002762175,0,769.534781862632,31.5263854875062,NA,NA,NA
2020,I,I_04,0,0,0,0,0,0,0,0,0,0,0.56,0.504131643780712,2.02032503604137,0,9833.86039247899,19.6457420605487,NA,NA,NA
2020,I,I_05,0.95,0,0,0.45,0,0,0,0.9,0,0,2.05,0.338106530865171,0.789290510996669,19,1138.47103332542,23.8366499451487,34.6,NA,NA
2020,I,I_06,0,0,0,0,0,0,0,0,0,0.9,0.3,0.695935864056376,2.17070015928618,0,37866.8032675125,633.08298932941,NA,NA,NA
2020,I,I_10,0,0,0,0,0,0,0,0,0,0,0.26,0.768935482590924,2.31569922559997,0,373531.043097717,886.938113197517,NA,130,240
2020,J,J_01,0,0.4,0,1,0,0,0,0,0,0,1.35,0.167023320645131,0.0481850609485767,30,11979.6167018209,1863.68484548733,42.9,57,147
2020,J,J_02,0,0.25,0,0,0,0,0,0,0,0,1.71,0.549821146579694,0.25062545686749,17,21042.8570977207,1328.55304684284,94.4,57,140
2020,J,J_03,0,0,0,0,0,0,0,0,0,0,1.48,0.161330720626736,0.738400265217682,5,529188.647090086,1172.07571648121,56.6,57,160
2020,J,J_04,0,0,0,0,0,0,0,0,0,0,1.1,0.0960972245314994,1.11305451408535,7,161541.427157395,1002.63297856397,146.6,57,140
2020,J,J_05,0,0,0,0,0,0,0,0,0,0,3.09,0.0836646341460532,-1.05943212460171,25,148070.785096486,1153.67459532401,60.1,57,147
2020,J,J_06,0,0.05,0,0,0,0,0,0,0,0,2.86,0.341868821726989,-1.15140808361873,13,17315.861428502,903.414106499671,69.3,57,130
2020,J,J_07,0,0.35,0,0,0,0,0,0,0,0,1.21,0.33176101189906,0.93632355825622,14,922667.308289141,1116.61597755035,58.5,57,140
2020,J,J_08,0,0.9,0,0.75,0,0,0,0,0,0,1.52,0.0119345749725591,0.650973683028358,23,237417.671549689,1344.49205004303,64.9,57,137
2020,J,J_09,0,0,0,0,0,0,0,0,0,0,3.12,-0.0949091180926837,-0.446712661347063,17,31509.7730814144,825.459780892696,80.6,57,137
2020,J,J_10,0,0.5,0,0,0,0,0,0,0,0,0.84,0.244854275146938,1.34927929983261,15,617468.775991216,724.918585683803,58.8,57,150
2020,K,K_01,0,0,0,0,0,0,0,0,0,0,2.56,0.3406547676355,-2.22119329579288,4,4850.33125608787,1024.49115115881,13,100,210
2020,K,K_02,0,0,0,0,0,0,0,0,0,0,2.38,0.165258685560416,-2.60614358648554,2,4007.53786947392,993.620375137107,13.2,100,210
2020,K,K_03,0,0,0,0,0,0,0,0,0,0,2.58,0.382109492077528,-2.50276924010531,16,24328.5183732975,1198.15970081877,2.8,60,170
2020,K,K_04,0,1,0,0,0,0,0,0.1,0,0.15,1.41,0.797945431893745,1.00364488818433,11,31503.151259562,1111.71361444361,22,100,180
2020,K,K_05,0,1,0,1,0,0,0,0.25,0,0.1,1.26,0.711426786203719,1.31847564555835,26,136632.442698248,989.970523631524,12.6,67,160
2020,K,K_06,0,1,0,0,0,0,0,0,0,0,2.62,0.711918458571092,-0.0657651407806607,23,64869.5047123693,530.662893509901,47.7,67,160
2020,K,K_07,0,1,0,1,0,0,0,0.25,0,0,2.86,1.18966169133215,0.295395080337353,21,34128.5164885167,439.929069269892,33.7,67,177
2020,K,K_08,0.95,1,0.05,0,0,0,0,1,0,0,1.41,1.32356401232686,0.498571590570474,15,29403.5239614248,276.378113368298,23.3,67,177
2020,K,K_09,0.1,1,0.1,0,0,0,0,1,0,0,2.12,1.176275760581,-0.265933117538827,11,29737.234662652,158.273391860636,11.8,70,180
2020,K,K_10,1,1,0.8,0,0,0,0,0.25,0,0,0.91,1.15078546920866,-0.030508168076598,16,15739.9172317982,173.973733798601,9.4,127,237
2025,A,A_01,0,0,0,0,0,0,0,0,0,0.15,1.28,0.281744954263421,1.06604269886527,54,6346.9649448581,738.011866045813,50.7,68,110
2025,A,A_02,0,0,0,0,0,0,0,0,0,0,2.34,0.498949644918598,-0.167591412653571,35,2446.59578021755,823.865930612295,54.2,83,110
2025,A,A_03,0,0,0,0,0,0,0,0,0,0,1.6,0.307119874724007,0.226685367940338,36,2134.01224207878,895.188710279008,48.8,83,160
2025,A,A_04,0,0,0,0,0,0,0,0,0,0,2.07,0.459601736249833,0.205150101784177,37,4031.6167460978,984.642827987079,54.7,83,110
2025,A,A_05,0.05,0,0,0.25,0,0,0,NA,0,0,3.1,0.485441053803273,0.00517892926153748,NA,2132.31296159327,987.089494717925,47.2,83,190
2025,A,A_06,0.65,0,0,0.35,0,0,0,0.8,0,0,2.01,0.492281605454938,0.637315519769858,44,2051.21963475645,1129.86393569057,47.3,83,100
2025,A,A_07,0,0,0,0,0,0,0,0,0,0.1,0.78,0.622639263130937,0.816405323659125,36,3718.53268659115,1113.44163177343,56.7,83,110
2025,A,A_08,0,0,0,0,0,0,0,0.05,0,0,0.91,-0.0161324133590459,1.40735114970697,44,3642.64946386218,1019.87532814897,56.2,83,110
2025,A,A_09,0,0,0,1,0,0,0,NA,0,0,3.08,0.539808904867568,0.633840253614604,40,2130.22460523248,1030.88287818441,45.3,83,160
2025,A,A_10,0,0,0,0,0,0,0,0,0,0,1.28,0.712663173522695,0.514851401595768,36,3326.57544100285,970.74130503118,57.6,83,110
2025,B,B_01,0,1,0,0,0,0,0,0,0,0,1.06,1.18837369094514,-0.193637364208492,5,2503.81806515864,981.911703450472,35.8,73,175
2025,B,B_02,0,0,0,0,0,0,0,0,0,0,1.81,1.03782751888091,-0.998648694961763,30,17475.5774120055,1045.36867840043,NA,83,110
2025,B,B_03,0,0,0,0,0,0,0,0,0,0,0.84,-0.525939598635015,1.56680180839484,14,45302.893725672,1058.18989648247,NA,83,190
2025,B,B_04,0,0,0,0,0,0,0,0,0,0,1.65,0.596438370206432,0.219424023145566,13,44089.9720588354,1100.515174126,204.7,83,190
2025,B,B_05,0,0,0,0,0,0,0,0,0,0,1.44,1.07610328001834,-0.734087797418025,18,7169.47556397179,865.528359601071,63.2,83,160
2025,B,B_06,0,0.85,0,0,0,0,0,0,0,0,2.66,0.930131258158477,-0.659839728535735,7,4125.86487457901,1034.4237291606,145.7,83,190
2025,B,B_07,0,1,0,0,0,0,0,0,0,0,1.33,1.06141668815103,-0.417478987447701,NA,3332.73491946596,1005.60186222492,NA,88,185
2025,B,B_08,0,0.9,0,0,0,0,0,0,0,0,1.65,0.923048510662427,-1.11166593987114,26,415.560473327525,805.604873774999,59.2,83,160
2025,B,B_09,0,0,0,0,0,0,0,0,0,0,1.82,1.14412900758248,-2.32872604241416,NA,20456.4300929084,906.756675166649,NA,NA,NA
2025,B,B_10,0,0.9,0,1,0,0,0,1,0,0,0.92,0.594303376575222,0.906272497275616,3,5187.16176926252,804.745694471737,29.3,83,190
2025,C,C_01,0,0,0,0,0,0,0,0,0,0,5.04,0.699620639362878,-1.99903592186362,37,291.641602972057,318.556931284022,28.6,31,122
2025,C,C_03,0,0,0,0,0,0,0,0,0,0,2.26,-0.277583042417954,2.14094989730851,52,737.355871843814,222.333415624495,28.7,178,290
2025,C,C_05,0,0,0,0,0,0,0,0,0,0,2.09,0.0938504757597335,1.13860509348828,61,388.097406479064,214.386285818599,33.1,31,122
2025,C,C_06,0,0,0,0,0,0,0,0,0,0,5.19,0.502644562725394,-0.347229012450354,76,659.988003605045,265.164587970217,33.2,31,122
2025,C,C_08,0,0,0,0,0,0,0,0,0,0,5.39,0.794580031024559,-1.1905868945745,65,1066.19911521208,254.664449549564,32,33,122
2025,D,D_01,0,0,0,0,0,0,0,0,0,0,1.99,-0.118125076090236,1.21447102991483,61,583.907101008343,259.479751228507,16.4,-7,100
2025,D,D_02,0.8,0,0,0,0,0,0,0,0,0,5.57,-0.226971261248065,0.255555840373759,86,229.481482319534,228.089298172384,16.1,-7,100
2025,D,D_03,0.25,0,0,0,0,0,0.05,0,0,0,1.64,0.242792819098855,-0.306074568113064,70,2274.47003522702,891.768708463204,16.7,-7,40
2025,D,D_06,0.7,0,0,0,0,0,0.15,0,0,0,1.04,0.0855787524757854,1.02308792623286,76,4407.56417229597,1114.37126513229,16.6,73,103
2025,D,D_07,0,0,0,0,0,0,0,0,0,0,1.58,0.0509191383056998,-0.45744540366982,60,1598.82231193595,1140.38337956031,16.9,-7,100
2025,D,D_08,0.95,0,0,0,0,0,0,0,0,0,1.77,0.0544832370914474,-0.895455217748224,72,8613.38631909061,1154.97995424856,16.5,73,50
2025,D,D_09,0.1,0,0,0,0,0,0.3,0,0,0,2.08,0.118521992621111,0.244554016534483,65,4560.79347929731,1285.02462373435,15.7,-7,100
2025,D,D_10,0.65,0,0,0,0,0,0,0,0,0,6.34,0.134311738310499,-0.953990343690352,85,3123.67575816996,1207.13336316964,15.3,73,181
2025,E,E_01,0,0.95,0,0,0,0,0,0,0,0,1.12,-0.025177141841623,-1.92835525305739,23,2503.81806515864,466.743103368282,46.8,-7,100
2025,E,E_02,0,0.9,0,0,0,0,0,0,0,0,3.57,1.00075542736152,-1.77796168085473,29,17475.5774120055,507.216590947891,44.6,83,150
2025,E,E_03,0,0.75,0,0.7,0,0,0,0,0,0,0.88,0.174042362545222,-2.60553813650776,27,45302.893725672,592.585081429707,39.9,63,131
2025,E,E_04,1,1,0,1,0,0,0,0,0,0,1.03,0.231906160980358,-1.09736000095597,32,44089.9720588354,825.000266614744,41.5,63,131
2025,E,E_05,1,1,0,0.55,0,0,0,0,0,0,0.45,-0.283557426139992,1.7821978014507,33,7169.47556397179,712.648534341378,43.2,-7,80
2025,E,E_06,1,1,0,1,0,0,0,0,0,0,0.99,-0.0726329522838282,-0.559782340090028,30,4125.86487457901,718.170274157017,41.8,-7,80
2025,E,E_07,1,0.8,0,1,0,0,0,0.05,0,0,0.29,-0.854405047492933,2.50072077538314,50,3332.73491946596,708.623806972465,42.2,-7,80
2025,E,E_08,1,0.3,0,0.55,0,0,0,0,0,0,0.54,-0.184812797082662,1.82770179246619,51.5,415.560473327525,684.551920473527,44.7,-7,100
2025,E,E_10,1,0.9,0,0,0,0,0.25,0,0,0,9.7,-0.229683569754611,0.770268862040025,36,5187.16176926252,86.1875316602697,24.5,-7,100
2025,E,E_11,0,1,0,0,0,0,0,0,0,0,1.1,0.0954850719839992,-1.13927098527455,26,83080.5461943204,930.273541218552,37.2,73,110
2025,F,F_01,0,0,0,0,0,0,0,0,0,0,1.52,0.177479681111266,-0.52427496347751,45,11390.3953443524,965.054077501327,12.3,73,50
2025,F,F_02,0.05,0,0,0.2,0,0,0,0.6,0,0,1.55,-0.00624380905628913,-1.28401239612459,39,700.159373851726,912.709617659529,12.4,-7,100
2025,F,F_03,0,0,0,0,0,0,0,0,0,0,2,0.184205903552274,-0.889154189054067,51,1709.21185607649,807.60173204512,12.5,73,50
2025,F,F_04,0,1,0,1,0,0,0,0.95,0,0,2.49,1.14396170786956,0.0410927176308351,40,1802.5696054101,762.812870237053,12.8,83,60
2025,F,F_05,0,0.8,0,0,0,0,0,0.7,0,0,1.24,1.10886544928987,0.647413495321418,46,49949.6347727194,763.58101206918,14.2,83,60
2025,F,F_06,0,0,0,0,0,0,0,0,0,0,4.72,0.144950071234423,0.830426244654862,50,4179.36604220793,916.377350716115,12.6,73,50
2025,F,F_07,0,0,0,0,0,0,0,0,0,0,3.67,0.17425367048021,-0.734152350604087,44,1028.51671593916,1003.99868787335,12.8,83,60
2025,F,F_08,0,0,0,0,0,0,0,0,0,0,2.79,0.403939955145332,-0.785890485150579,39,5421.12003678642,1110.87521774041,9.1,73,50
2025,F,F_09,0,0,0,0,0,0,0,0,0,0,2.59,0.338115085731831,-0.527611327552533,35,13325.7321213353,1104.95407141261,10,73,50
2025,F,F_10,0,0,0,0,0,0,0,0,0,0,1.52,0.357375696106722,-1.07443857941642,37,17074.2508862689,1058.43176126968,11.5,73,50
2025,G,G_01,1,0.05,0,0.9,0,0,0,0,0,NA,1.34,-0.400896012514484,1.4187389447763,38,28519.7390139103,1300.66171467982,14.5,-7,40
2025,G,G_02,0,0,0,0,0,0,0,0,0,0,4.48,0.808775483044244,-0.637105666920187,NA,1997.03738285601,1176.18869676805,20.5,-56,31
2025,G,G_03,0,0,0,0,0,0,0,0,0,0,4.19,0.52509428259748,0.0316515629298245,34,10263.616815269,829.206992638686,30.2,-112,0
2025,G,G_04,0,0,0,0,0,0,0,0,0,0,5.03,0.238850777926837,-0.470214692089832,40,335265.655994676,133.360051512523,28.6,-112,0
2025,G,G_05,0.7,0,0,0,0,0,0.05,0,0,0,2.03,0.0841713931145141,-1.7086374241961,11,32822.9787113275,151.483639874205,21.8,-7,40
2025,G,G_08,0,0,0,0,0,0,0,0,0,0,1.47,0.713858396087422,0.672366056004749,40,12388.7722251117,1331.66222527795,14.3,-27,20
2025,G,G_09,0,0,0,0,0,0,0,0,0,0,4.76,0.488793647765705,-0.48784279411091,37,27782.3253353238,1203.08532441126,18.1,-112,0
2025,G,G_10,1,0,0,0,0,0,0,0.6,0,0.95,1.82,0.507589385542137,-0.824745546301708,6,5802.26303892024,1094.12737191755,22.2,-7,100
2025,H,H_04,0,1,0,0,0,0,0,0.6,0,0,3.65,-0.0180547709939362,-1.68060033488283,32,12000.5415466251,132.964013286459,21.8,73,150
2025,H,H_05,0,0.5,0,0,0,0,0,0.2,0,0,3.67,-0.108773954014072,-2.11592651232371,31,59677.0711392244,217.09810238201,21.7,73,140
2025,H,H_06,0,0.25,0,0,0,0,0,0.55,0,0,5.79,0.649010830670312,-1.1819044004157,35,14307.099093087,72.0579104706808,24,63,130
2025,H,H_07,0,0,0,0,0,0,0,0,0,0,5.47,0.31299665278782,-1.20823779698999,32,43371.0971759665,103.670396903638,24.5,83,180
2025,H,H_08,0,0.4,0,0,0,0,0,0.65,0,0,4.67,-0.151083834184937,-1.81649278813444,33,33748.1620117264,210.194143779786,24.3,73,170
2025,H,H_10,0,1,0,0,0,0,0,0.95,0,0,2.59,-0.0075789233714027,-1.58445329004758,30,964.296835475136,180.679489527638,24.2,83,180
2025,I,I_01,0,0,0,0,0,0,0,0,0,0,0.64,0.217893471850878,1.21368505613185,6,69874.2201913707,39.8953880562636,19.3,80,167
2025,I,I_02,0.25,0,0,0,0,0,0,0,0,0,1.07,0.185519550545983,1.78911187075784,23,3346.6673288364,58.1470983611083,30.7,23,70
2025,I,I_03,0,0,0,0,0,0,0,0,0,0,0.94,0.0463842832731282,2.17784991045181,12.5,769.534781862632,31.5263854875062,30.1,108,228
2025,I,I_04,0,0,0,0,0,0,0,0,0,0,1,0.237921800195864,1.95594132488005,11,9833.86039247899,19.6457420605487,47.8,80,167
2025,I,I_05,0.2,0,0,0,0,0,0,0,0,0,2.92,0.481858722704694,0.998337708803136,49,1138.47103332542,23.8366499451487,13,NA,NA
2025,I,I_06,0,0,0,0,0,0,0,0,0,0,0.66,0,2.72952265802427,40,37866.8032675125,633.08298932941,15.1,80,167
2025,I,I_08,0,0,0,0,0,0,0,0,0,0,0.72,0.346162869840697,2.006467654115,16,232145.333989576,619.766132315028,8.6,145,247
2025,I,I_10,0,0,0,0,0,0,0,0,0,0,0.7,-0.0288655091468325,2.98760118977253,43,373531.043097717,886.938113197517,16.6,73,160
2025,J,J_01,0,0,0,0.6,0,0,0,0,0,0,0.61,0.250356205609098,1.00973255205759,57,11979.6167018209,1863.68484548733,28.4,40,90
2025,J,J_02,0.2,0.4,0,0.1,0,0,0,0,0,0,1.29,0.128037477656258,0.282232466481995,38,21042.8570977207,1328.55304684284,34.7,40,87
2025,J,J_03,0.05,0,0,0,0,0,0,0,0,0,0.84,-0.0721597197688645,1.44239758570984,27,529188.647090086,1172.07571648121,35.1,53,140
2025,J,J_04,0.75,0,0,0.65,0,0,0,0,0,0,0.88,0.0298401568286213,1.52078012853126,26,161541.427157395,1002.63297856397,36.8,43,103
2025,J,J_05,0.25,0,0,0,0,0,0,0,0,0,2.01,0.595932890258917,-1.71757033132995,55,148070.785096486,1153.67459532401,34.2,43,60
2025,J,J_06,0,0.1,0,0,0,0,0,0,0,0,2.08,0.329422831387625,-1.71851243799208,34,17315.861428502,903.414106499671,33.9,43,100
2025,J,J_07,0,0.2,0,0,0,0,0,0,0,0,0.88,-0.203421944256454,2.45352520513733,34,922667.308289141,1116.61597755035,34.2,40,77
2025,J,J_08,0.15,0.3,0,0.25,0,0,0,0.05,0,0,1.09,0.215427441153208,-0.0702846943576839,50,237417.671549689,1344.49205004303,36.5,40,57
2025,J,J_09,0,0,0,0,0,0,0,0,0,0,1.47,0.137409587958336,-0.389367512034812,44,31509.7730814144,825.459780892696,38.3,40,71
2025,J,J_10,0,0,0,0,0,0,0,0,0,0,0.73,0.029673169749988,2.02814531827887,43,617468.775991216,724.918585683803,28.4,40,90
2025,K,K_01,0,0,0,0,0,0,0,0,0,0,1.88,1.17342986170726,-1.60180334779977,11,4850.33125608787,1024.49115115881,11.6,168,349
2025,K,K_02,0,0,0,0,0,0,0,0,0,0,2.13,1.12978484673861,-1.20258171743916,12,4007.53786947392,993.620375137107,11.8,168,349
2025,K,K_03,0,0,0,0,0,1,0,0,0.05,0,1.81,0.721734647764385,-1.57865678236909,14,24328.5183732975,1198.15970081877,9.6,168,349
2025,K,K_04,0,0.2,0,0,0,0,0,0,0,0,0.68,0.36518078302375,1.77680479700028,23,31503.151259562,1111.71361444361,22.2,212,319
2025,K,K_05,0,0.75,0,1,0,0,0,0,0,0,0.64,0.323516534020846,1.13599781489422,30,136632.442698248,989.970523631524,20.9,60,127
2025,K,K_06,0,0,0,0,0,0,0,0,0,0,1.08,0.439799842570003,1.02190170763251,23,64869.5047123693,530.662893509901,63.7,90,197
2025,K,K_07,0,0,0,0,0,0,0,0,0,0,1.86,0.636227408548618,0.902777496607398,30,34128.5164885167,439.929069269892,46.1,83,163
2025,K,K_08,0,1,0.05,0,0.5,0,0,0.95,0,0.35,2.52,0.915578093771055,0.166462769117086,35,29403.5239614248,276.378113368298,8,63,123
2025,K,K_09,0,1,0,0,0.95,0,0,0.85,0,0.75,2.09,1.12735750599699,0.0667672181598503,27,29737.234662652,158.273391860636,9.5,108,195
2025,K,K_10,0,1,0,0,0,0,0,0,0.15,0,3.91,0.911995520614999,-0.193811962675092,34,15739.9172317982,173.973733798601,7.8,83,150
